Feasibility Study 1,30,1
Feasibility Study 2,30,1
Feasibility Study 3,30,1
Feasibility Study 4,30,1
Feasibility Study 5,30,1
Feasibility Study 6,30,1
Feasibility Study 7,30,1
Feasibility Study 8,20,1
Feasibility Study 9,20,1
Feasibility Study 10,20,1
Feasibility Study 11,20,1
Feasibility Study 12,20,1
Feasibility Study 13,20,1
Feasibility Study 14,10,1
Feasibility Study 15,10,1
Feasibility Study 16,10,1
Feasibility Study 17,10,1
Feasibility Study 18,10,1
Feasibility Study 19,10,1
Feasibility Study 20,10,1
